2025-10-14_13-25-51,None,draft.py:2025-10-14_13-25-51
2025-10-15_13-58-22,None,draft.py:2025-10-15_13-58-22
2025-10-15_13-58-38,None,draft.py:2025-10-15_13-58-38
2025-10-15_13-58-39,None,draft.py:2025-10-15_13-58-38
2025-10-15_13-58-40,None,draft.py:2025-10-15_13-58-38
2025-10-15_13-58-40,None,draft.py:2025-10-15_13-58-38
2025-10-15_13-58-41,None,draft.py:2025-10-15_13-58-38
2025-10-15_13-58-44,None,draft.py:2025-10-15_13-58-38
2025-10-15_13-58-48,None,draft.py:2025-10-15_13-58-38
2025-10-15_13-58-59,None,draft.py:2025-10-15_13-58-38
2025-10-15_13-59-00,None,draft.py:2025-10-15_13-58-38
2025-10-15_13-59-11,None,draft.py:2025-10-15_13-59-11
2025-10-15_13-59-12,None,draft.py:2025-10-15_13-59-12
2025-10-15_13-59-13,None,draft.py:2025-10-15_13-59-12
2025-10-15_13-59-17,None,draft.py:2025-10-15_13-59-12
2025-10-15_13-59-19,None,draft.py:2025-10-15_13-59-12
