2025-10-15_14-19-27,None,draft.py:2025-10-15_14-19-27
2025-10-20_14-38-47,None,draft.py:2025-10-20_14-38-47
2025-10-20_14-39-22,None,draft.py:2025-10-20_14-39-22
2025-10-20_14-40-22,None,draft.py:2025-10-20_14-40-22
2025-10-21_16-11-32,None,draft.py:2025-10-21_16-11-32
<<<<<<< HEAD
2025-10-23_12-29-25,None,draft.py:2025-10-23_12-29-25
2025-10-23_17-41-50,None,draft.py:2025-10-23_17-41-50
2025-10-23_17-43-32,None,draft.py:2025-10-23_17-43-32
2025-10-24_14-00-33,None,draft.py:2025-10-24_14-00-33
2025-10-24_14-04-14,None,draft.py:2025-10-24_14-04-14
2025-10-24_22-53-57,None,draft.py:2025-10-24_22-53-57
2025-10-24_22-57-28,None,draft.py:2025-10-24_22-57-28
2025-10-24_23-03-58,None,draft.py:2025-10-24_23-03-58
2025-10-24_23-30-20,None,draft.py:2025-10-24_23-30-20
=======
2025-10-22_14-10-23,None,draft.py:2025-10-22_14-10-23
2025-10-22_14-13-03,None,draft.py:2025-10-22_14-13-03
2025-10-22_14-34-44,None,draft.py:2025-10-22_14-34-44
>>>>>>> d93b2a9d927c97345eac16461f49fa54b9906d88
